[
{
  "model": "auth.group",
  "pk": 1,
  "fields": {
    "name": "Reader",
    "permissions": []
  }
},
{
  "model": "auth.group",
  "pk": 2,
  "fields": {
    "name": "Librarian",
    "permissions": []
  }
},
{
  "model": "library.book",
  "pk": 1,
  "fields": {
    "author": 1,
    "title": "数学建模方法与分析",
    "isbn": "9787111485698",
    "publisher": "机械工业出版社",
    "publish_date": "2014-12-01",
    "price": "59.00"
  }
},
{
  "model": "library.book",
  "pk": 2,
  "fields": {
    "author": 2,
    "title": "Java核心技术 卷I",
    "isbn": "9787111547426",
    "publisher": "机械工业出版社",
    "publish_date": "2016-08-01",
    "price": "119.00"
  }
},
{
  "model": "library.book",
  "pk": 3,
  "fields": {
    "author": 2,
    "title": "Java核心技术 卷II",
    "isbn": "9787111442509",
    "publisher": "机械工业出版社",
    "publish_date": "2013-12-01",
    "price": "139.00"
  }
},
{
  "model": "library.book",
  "pk": 4,
  "fields": {
    "author": 3,
    "title": "C++程序设计语言",
    "isbn": "9787111298854",
    "publisher": "机械工业出版社",
    "publish_date": "2010-03-01",
    "price": "99.00"
  }
},
{
  "model": "library.book",
  "pk": 5,
  "fields": {
    "author": 3,
    "title": "C++程序设计原理与实践",
    "isbn": "9787111303320",
    "publisher": "机械工业出版社",
    "publish_date": "2010-06-01",
    "price": "108.00"
  }
},
{
  "model": "library.book",
  "pk": 6,
  "fields": {
    "author": 4,
    "title": "C程序设计语言",
    "isbn": "9787111128069",
    "publisher": "机械工业出版社",
    "publish_date": "2004-01-01",
    "price": "30.00"
  }
},
{
  "model": "library.book",
  "pk": 7,
  "fields": {
    "author": 5,
    "title": "Python基础教程",
    "isbn": "9787115353528",
    "publisher": "人民邮电出版社",
    "publish_date": "2014-06-01",
    "price": "79.00"
  }
},
{
  "model": "library.book",
  "pk": 8,
  "fields": {
    "author": 6,
    "title": "Android从入门到精通",
    "isbn": "9787302293156",
    "publisher": "清华大学出版社",
    "publish_date": "2012-09-01",
    "price": "69.80"
  }
},
{
  "model": "library.book",
  "pk": 9,
  "fields": {
    "author": 6,
    "title": "Oracle从入门到精通",
    "isbn": "9787302289333",
    "publisher": "清华大学出版社",
    "publish_date": "2012-09-01",
    "price": "69.80"
  }
},
{
  "model": "library.book",
  "pk": 10,
  "fields": {
    "author": 6,
    "title": "Linux C从入门到精通",
    "isbn": "9787302284857",
    "publisher": "清华大学出版社",
    "publish_date": "2012-12-01",
    "price": "69.80"
  }
},
{
  "model": "library.book",
  "pk": 11,
  "fields": {
    "author": 6,
    "title": "SQL Server从入门到精通",
    "isbn": "9787302284864",
    "publisher": "清华大学出版社",
    "publish_date": "2012-09-01",
    "price": "69.80"
  }
},
{
  "model": "library.book",
  "pk": 12,
  "fields": {
    "author": 6,
    "title": "JavaScript从入门到精通",
    "isbn": "9787302287506",
    "publisher": "清华大学出版社",
    "publish_date": "2012-09-01",
    "price": "69.80"
  }
},
{
  "model": "library.book",
  "pk": 13,
  "fields": {
    "author": 6,
    "title": "C#从入门到精通（第3版）",
    "isbn": "9787302287513",
    "publisher": "清华大学出版社",
    "publish_date": "2012-09-01",
    "price": "69.80"
  }
},
{
  "model": "library.book",
  "pk": 14,
  "fields": {
    "author": 6,
    "title": "C语言从入门到精通（第2版）",
    "isbn": "9787302287520",
    "publisher": "清华大学出版社",
    "publish_date": "2012-09-01",
    "price": "49.80"
  }
},
{
  "model": "library.book",
  "pk": 15,
  "fields": {
    "author": 6,
    "title": "ASP.NET从入门到精通（第3版）",
    "isbn": "9787302287537",
    "publisher": "清华大学出版社",
    "publish_date": "2012-09-01",
    "price": "89.80"
  }
},
{
  "model": "library.book",
  "pk": 16,
  "fields": {
    "author": 6,
    "title": "Java从入门到精通（实例版）",
    "isbn": "9787302287544",
    "publisher": "清华大学出版社",
    "publish_date": "2012-09-01",
    "price": "69.80"
  }
},
{
  "model": "library.book",
  "pk": 17,
  "fields": {
    "author": 6,
    "title": "Java Web从入门到精通",
    "isbn": "9787302287551",
    "publisher": "清华大学出版社",
    "publish_date": "2012-09-01",
    "price": "69.80"
  }
},
{
  "model": "library.book",
  "pk": 18,
  "fields": {
    "author": 6,
    "title": "Java从入门到精通（第3版）",
    "isbn": "9787302287568",
    "publisher": "清华大学出版社",
    "publish_date": "2012-09-01",
    "price": "59.80"
  }
},
{
  "model": "library.book",
  "pk": 19,
  "fields": {
    "author": 6,
    "title": "C语言从入门到精通（实例版）",
    "isbn": "9787302287575",
    "publisher": "清华大学出版社",
    "publish_date": "2012-09-01",
    "price": "69.80"
  }
},
{
  "model": "library.book",
  "pk": 20,
  "fields": {
    "author": 6,
    "title": "HTML5从入门到精通",
    "isbn": "9787302287582",
    "publisher": "清华大学出版社",
    "publish_date": "2012-09-01",
    "price": "59.80"
  }
},
{
  "model": "library.book",
  "pk": 21,
  "fields": {
    "author": 6,
    "title": "C++从入门到精通（第2版）",
    "isbn": "9787302288473",
    "publisher": "清华大学出版社",
    "publish_date": "2012-09-01",
    "price": "59.80"
  }
},
{
  "model": "library.book",
  "pk": 22,
  "fields": {
    "author": 6,
    "title": "Visual Basic从入门到精通（第3版）",
    "isbn": "9787302288480",
    "publisher": "清华大学出版社",
    "publish_date": "2012-09-01",
    "price": "69.80"
  }
},
{
  "model": "library.book",
  "pk": 23,
  "fields": {
    "author": 6,
    "title": "PHP从入门到精通（第3版）",
    "isbn": "9787302288534",
    "publisher": "清华大学出版社",
    "publish_date": "2012-09-01",
    "price": "69.80"
  }
},
{
  "model": "library.book",
  "pk": 24,
  "fields": {
    "author": 6,
    "title": "Visual C++从入门到精通（第3版）",
    "isbn": "9787302289326",
    "publisher": "清华大学出版社",
    "publish_date": "2012-09-01",
    "price": "69.80"
  }
},
{
  "model": "library.book",
  "pk": 25,
  "fields": {
    "author": 7,
    "title": "数据结构与算法分析 C语言描述",
    "isbn": "9787111127482",
    "publisher": "机械工业出版社",
    "publish_date": "2004-01-01",
    "price": "35.00"
  }
},
{
  "model": "library.book",
  "pk": 26,
  "fields": {
    "author": 8,
    "title": "数据结构、算法与应用 C++语言描述",
    "isbn": "9787111496007",
    "publisher": "机械工业出版社",
    "publish_date": "2015-03-01",
    "price": "79.00"
  }
},
{
  "model": "library.book",
  "pk": 27,
  "fields": {
    "author": 11,
    "title": "AIR范例精解",
    "isbn": "9787302208822",
    "publisher": "清华大学出版社",
    "publish_date": "2009-09-01",
    "price": "59.80"
  }
},
{
  "model": "library.book",
  "pk": 28,
  "fields": {
    "author": 12,
    "title": "语音识别实践",
    "isbn": "9787121287961",
    "publisher": "中国工信出版集团",
    "publish_date": "2016-07-01",
    "price": "79.00"
  }
},
{
  "model": "library.book",
  "pk": 29,
  "fields": {
    "author": 13,
    "title": "自然语言处理",
    "isbn": "9787121286209",
    "publisher": "中国工信出版集团",
    "publish_date": "2016-05-01",
    "price": "79.00"
  }
},
{
  "model": "library.book",
  "pk": 30,
  "fields": {
    "author": 14,
    "title": "Xcode",
    "isbn": "9787111519126",
    "publisher": "机械工业出版社",
    "publish_date": "2015-11-12",
    "price": "69.00"
  }
},
{
  "model": "library.book",
  "pk": 31,
  "fields": {
    "author": 15,
    "title": "编程之美",
    "isbn": "9787121060748",
    "publisher": "电子工业出版社",
    "publish_date": "2008-03-23",
    "price": "40.00"
  }
},
{
  "model": "library.book",
  "pk": 32,
  "fields": {
    "author": 16,
    "title": "DATA MINING",
    "isbn": "9787302307143",
    "publisher": "IEEE PRESS",
    "publish_date": "2013-01-03",
    "price": "59.00"
  }
},
{
  "model": "library.book",
  "pk": 33,
  "fields": {
    "author": 17,
    "title": "计算机网络",
    "isbn": "9787111453789",
    "publisher": "China Machine Press",
    "publish_date": "2016-11-01",
    "price": "79.00"
  }
},
{
  "model": "library.book",
  "pk": 34,
  "fields": {
    "author": 18,
    "title": "计算机系统结构教程（第二版）",
    "isbn": "9787302360384",
    "publisher": "清华大学出版社",
    "publish_date": "2014-10-02",
    "price": "39.50"
  }
},
{
  "model": "library.book",
  "pk": 35,
  "fields": {
    "author": 19,
    "title": "工科数学分析",
    "isbn": "9787040370607",
    "publisher": "高等教育出版社",
    "publish_date": "2008-01-05",
    "price": "33.90"
  }
},
{
  "model": "library.book",
  "pk": 36,
  "fields": {
    "author": 19,
    "title": "线性代数与空间解析几何",
    "isbn": "9787040370188",
    "publisher": "高等教育出版社",
    "publish_date": "2008-06-12",
    "price": "27.20"
  }
},
{
  "model": "library.book",
  "pk": 37,
  "fields": {
    "author": 20,
    "title": "数理逻辑引论",
    "isbn": "9787560334110",
    "publisher": "哈尔滨工业大学出版社",
    "publish_date": "2011-11-11",
    "price": "26.00"
  }
},
{
  "model": "library.book",
  "pk": 38,
  "fields": {
    "author": 20,
    "title": "数据结构与算法",
    "isbn": "9787040224733",
    "publisher": "Higher Education Press",
    "publish_date": "2000-06-06",
    "price": "29.00"
  }
},
{
  "model": "library.author",
  "pk": 1,
  "fields": {
    "name": "Mark M. Meerschaert",
    "country": "美国"
  }
},
{
  "model": "library.author",
  "pk": 2,
  "fields": {
    "name": "Cay S. Horstmann",
    "country": "美国"
  }
},
{
  "model": "library.author",
  "pk": 3,
  "fields": {
    "name": "Bjarne Stroustrup",
    "country": "美国"
  }
},
{
  "model": "library.author",
  "pk": 4,
  "fields": {
    "name": "K&R",
    "country": "美国"
  }
},
{
  "model": "library.author",
  "pk": 5,
  "fields": {
    "name": "Magnus Lie Hetland",
    "country": "挪威"
  }
},
{
  "model": "library.author",
  "pk": 6,
  "fields": {
    "name": "明日科技",
    "country": "中国"
  }
},
{
  "model": "library.author",
  "pk": 7,
  "fields": {
    "name": "Mark Allen Weiss",
    "country": "美国"
  }
},
{
  "model": "library.author",
  "pk": 8,
  "fields": {
    "name": "Sartaj Sahni",
    "country": "美国"
  }
},
{
  "model": "library.author",
  "pk": 11,
  "fields": {
    "name": "Marc Leuchner",
    "country": "America"
  }
},
{
  "model": "library.author",
  "pk": 12,
  "fields": {
    "name": "俞栋",
    "country": "America"
  }
},
{
  "model": "library.author",
  "pk": 13,
  "fields": {
    "name": "罗刚",
    "country": "中国"
  }
},
{
  "model": "library.author",
  "pk": 14,
  "fields": {
    "name": "李俊阳",
    "country": "中国"
  }
},
{
  "model": "library.author",
  "pk": 15,
  "fields": {
    "name": "《编程之美》小组",
    "country": "中国"
  }
},
{
  "model": "library.author",
  "pk": 16,
  "fields": {
    "name": "Mehmed Kantardzic",
    "country": "America"
  }
},
{
  "model": "library.author",
  "pk": 17,
  "fields": {
    "name": "James F. Kurose",
    "country": "America"
  }
},
{
  "model": "library.author",
  "pk": 18,
  "fields": {
    "name": "张晨曦",
    "country": "中国"
  }
},
{
  "model": "library.author",
  "pk": 19,
  "fields": {
    "name": "哈尔滨工业大学数学系",
    "country": "中国"
  }
},
{
  "model": "library.author",
  "pk": 20,
  "fields": {
    "name": "张岩",
    "country": "中国"
  }
}
]
